<?xml version="1.0" encoding="utf-8"?>
<catalogo xmlns:xsi="http://www.w3.org/2001/XMLSchema-instance" xsi:noNamespaceSchemaLocation="cidades.xsd">
     <cidade>
          <nome>Lisboa</nome>
          <pais>Portugal</pais>
          <bandeirapais>https://dwpt1kkww6vki.cloudfront.net/img/drapeau/120/170.png</bandeirapais>
          <bandeiracidade>https://upload.wikimedia.org/wikipedia/commons/thumb/1/16/Bandeira_municipal_de_Lisboa.png/90px-Bandeira_municipal_de_Lisboa.png</bandeiracidade>
          <capital>true</capital>
          <presidente>Fernando Medina</presidente>
          <clima>Clima mediterrânico (Classificação climática de Köppen-Geiger: Csa)</clima>
          <fuso>UTC +0:00 (Europe/Lisbon)</fuso>
          <website>https://www.lisboa.pt</website>
          <area uni="km2">84.8</area>
          <densidade uni="hab_km2">5981.4</densidade>
          <linguagens>
               <lingua>Português</lingua>
               <lingua>Mirandese</lingua>
          </linguagens>
          <monumentos>
               <monumento>https://upload.wikimedia.org/wikipedia/commons/thumb/4/41/Lisbon_%2836831596786%29_%28cropped%29.jpg/280px-Lisbon_%2836831596786%29_%28cropped%29.jpg</monumento>
               <monumento>https://upload.wikimedia.org/wikipedia/commons/thumb/3/31/Rua_Augusta_Arch_-_April_2019_%28cropped%29.jpg/139px-Rua_Augusta_Arch_-_April_2019_%28cropped%29.jpg</monumento>
               <monumento>https://upload.wikimedia.org/wikipedia/commons/thumb/6/65/Lisboa_IMG_6805_%2820499138133%29.jpg/139px-Lisboa_IMG_6805_%2820499138133%29.jpg</monumento>
               <monumento>https://upload.wikimedia.org/wikipedia/commons/thumb/b/b5/Belem_Tower_-_April_2019_%282%29.jpg/139px-Belem_Tower_-_April_2019_%282%29.jpg</monumento>
               <monumento>https://upload.wikimedia.org/wikipedia/commons/thumb/c/c8/Se_Cathedral_%2834242766515%29_%28cropped%29.jpg/139px-Se_Cathedral_%2834242766515%29_%28cropped%29.jpg</monumento>
               <monumento>https://upload.wikimedia.org/wikipedia/commons/thumb/5/59/Parque_das_Na%C3%A7%C3%B5es_Lisboa_%28cropped%29.jpg/280px-Parque_das_Na%C3%A7%C3%B5es_Lisboa_%28cropped%29.jpg</monumento>
          </monumentos>
          <cidadesgeminadas>
               <cidadegeminada>Rio de Janeiro</cidadegeminada>
               <cidadegeminada>Salvador</cidadegeminada>
               <cidadegeminada>São Paulo</cidadegeminada>
               <cidadegeminada>São Paulo</cidadegeminada>
               <cidadegeminada>Brasília</cidadegeminada>
               <cidadegeminada>Salvador</cidadegeminada>
               <cidadegeminada>Praia</cidadegeminada>
               <cidadegeminada>Macao</cidadegeminada>
               <cidadegeminada>Pereira</cidadegeminada>
               <cidadegeminada>Manizales</cidadegeminada>
               <cidadegeminada>Zagreb</cidadegeminada>
               <cidadegeminada>Cacheu</cidadegeminada>
               <cidadegeminada>Bissau</cidadegeminada>
               <cidadegeminada>Budapeste</cidadegeminada>
               <cidadegeminada>Budapeste</cidadegeminada>
               <cidadegeminada>Malaca</cidadegeminada>
               <cidadegeminada>Rabat</cidadegeminada>
               <cidadegeminada>Maputo</cidadegeminada>
               <cidadegeminada>Guimarães</cidadegeminada>
               <cidadegeminada>São Tomé</cidadegeminada>
               <cidadegeminada>Madrid</cidadegeminada>
               <cidadegeminada>Tunes</cidadegeminada>
               <cidadegeminada>Jersey City</cidadegeminada>
               <cidadegeminada>Caracas</cidadegeminada>
               <cidadegeminada>Libertador</cidadegeminada>
          </cidadesgeminadas>
          <latitude>38.7071</latitude>
          <longitude>-9.13549</longitude>
          <altitude>4</altitude>
          <nhabitantes>507220</nhabitantes>
          <codigopostal>1100</codigopostal>
     </cidade>
     <cidade>
          <nome>Maia</nome>
          <pais>Portugal</pais>
          <bandeirapais>https://dwpt1kkww6vki.cloudfront.net/img/drapeau/120/170.png</bandeirapais>
          <bandeiracidade>https://upload.wikimedia.org/wikipedia/commons/thumb/b/b6/Pt-mai3.png/90px-Pt-mai3.png</bandeiracidade>
          <capital>false</capital>
          <presidente>António Silva Tiago</presidente>
          <clima>Clima mediterrânico (Classificação climática de Köppen-Geiger: Csb)</clima>
          <fuso>UTC +0:00 (Europe/Lisbon)</fuso>
          <website>https://www.cm-maia.pt</website>
          <area uni="km2">83.1</area>
          <densidade uni="hab_km2">1657.4</densidade>
          <linguagens>
               <lingua>Português</lingua>
               <lingua>Mirandese</lingua>
          </linguagens>
          <monumentos>
               <monumento>https://upload.wikimedia.org/wikipedia/commons/thumb/e/e0/Church_Nogueira_by_Henrique_Matos_02_%28cropped%29.JPG/92px-Church_Nogueira_by_Henrique_Matos_02_%28cropped%29.JPG</monumento>
               <monumento>https://upload.wikimedia.org/wikipedia/commons/thumb/4/4b/The_weight_of_faith_on_our_heads_%286327393622%29.jpg/92px-The_weight_of_faith_on_our_heads_%286327393622%29.jpg</monumento>
               <monumento>https://upload.wikimedia.org/wikipedia/commons/thumb/6/67/S%C3%A3o_Miguel_da_Maia_%286326640187%29.jpg/92px-S%C3%A3o_Miguel_da_Maia_%286326640187%29.jpg</monumento>
               <monumento>https://upload.wikimedia.org/wikipedia/commons/thumb/9/96/Maia_Camara_Municipal_%28cropped%29.jpg/139px-Maia_Camara_Municipal_%28cropped%29.jpg</monumento>
               <monumento>https://upload.wikimedia.org/wikipedia/commons/thumb/0/04/Maia_4_%28Portugal%29.jpg/139px-Maia_4_%28Portugal%29.jpg</monumento>
          </monumentos>
          <cidadesgeminadas>
               <cidadegeminada>Sault Ste. Marie</cidadegeminada>
               <cidadegeminada>Tarrafal de São Nicolau</cidadegeminada>
               <cidadegeminada>Sal</cidadegeminada>
               <cidadegeminada>Ribeira Brava</cidadegeminada>
               <cidadegeminada>Andrézieux-Bouthéon</cidadegeminada>
               <cidadegeminada>Mantes-la-Jolie</cidadegeminada>
          </cidadesgeminadas>
          <latitude>41.2329</latitude>
          <longitude>-8.62156</longitude>
          <altitude>110</altitude>
          <nhabitantes>137727</nhabitantes>
          <codigopostal>4470</codigopostal>
     </cidade>
</catalogo>
